{
  "project_info": {
    "project_number": "760210164290",
    "firebase_url": "https://sahayak-2d386.firebaseio.com",
    "project_id": "sahayak-2d386",
    "storage_bucket": "sahayak-2d386.appspot.com"
  },
  "client": [
    {
      "client_info": {
        "mobilesdk_app_id": "1:760210164290:android:5fb9c2098c05d94f14fbdb",
        "android_client_info": {
          "package_name": "com.mobilecomputing.sahayak"
        }
      },
      "oauth_client": [
        {
          "client_id": "760210164290-ob7l46tbladcjd9vkofs2hib7in6gv7k.apps.googleusercontent.com",
          "client_type": 1,
          "android_info": {
            "package_name": "com.mobilecomputing.sahayak",
            "certificate_hash": "690711ebd64ef7ee9351cd747c831c129f01c07e"
          }
        },
        {
          "client_id": "760210164290-kgs43nn8trc8a4bn3jiiskgba2ae0ecd.apps.googleusercontent.com",
          "client_type": 1,
          "android_info": {
            "package_name": "com.mobilecomputing.sahayak",
            "certificate_hash": "c6db189e6abbc84ce3133192243eceee3da52763"
          }
        },
        {
          "client_id": "760210164290-ug4q250itcatfpigrlvnun16h05r32ro.apps.googleusercontent.com",
          "client_type": 1,
          "android_info": {
            "package_name": "com.mobilecomputing.sahayak",
            "certificate_hash": "704a5513d99c4c94f4ac27f90a27670e1947f65f"
          }
        },
        {
          "client_id": "760210164290-dm7ommnd7ieq60m1f16so5b0uhh7du6p.apps.googleusercontent.com",
          "client_type": 1,
          "android_info": {
            "package_name": "com.mobilecomputing.sahayak",
            "certificate_hash": "61a0b277ad54e45d14438b1ddadb7ad7ab901f57"
          }
        },
        {
          "client_id": "760210164290-u4vu0f1oa04vub3msfc2af7ghjm218sq.apps.googleusercontent.com",
          "client_type": 1,
          "android_info": {
            "package_name": "com.mobilecomputing.sahayak",
            "certificate_hash": "e23f7d6f0b9e8cfdebf102eeab26d09578cdbbda"
          }
        },
        {
          "client_id": "760210164290-bfv4rem6qvcmoptkg60kp97hd5m54l1v.apps.googleusercontent.com",
          "client_type": 3
        }
      ],
      "api_key": [
        {
          "current_key": "AIzaSyBzZW4tnMkWG0Bz_XxNYHUSehD_zkyIpSQ"
        }
      ],
      "services": {
        "appinvite_service": {
          "other_platform_oauth_client": [
            {
              "client_id": "760210164290-bfv4rem6qvcmoptkg60kp97hd5m54l1v.apps.googleusercontent.com",
              "client_type": 3
            }
          ]
        }
      }
    }
  ],
  "configuration_version": "1"
}